{"cameraMode":{"drawMode":0,"name":"Shaded","section":"Shading Mode"},"sceneLighting":false,"audioPlay":false,"sceneViewState":{"m_AlwaysRefresh":false,"showFog":true,"showSkybox":false,"showFlares":true,"showImageEffects":true,"showParticleSystems":true,"showVisualEffectGraphs":true,"m_FxEnabled":true},"in2DMode":false,"pivot":{"x":-7.130000114440918,"y":3.4627280235290529,"z":2.4809999465942385},"rotation":{"x":-0.19620701670646668,"y":0.24928393959999085,"z":-0.05165254697203636,"w":-0.9469416737556458},"size":2.4322850704193117,"orthographic":false}