{"cameraMode":{"drawMode":0,"name":"Shaded","section":"Shading Mode"},"sceneLighting":true,"audioPlay":false,"sceneViewState":{"m_AlwaysRefresh":false,"showFog":true,"showSkybox":true,"showFlares":true,"showImageEffects":true,"showParticleSystems":true,"showVisualEffectGraphs":true,"m_FxEnabled":true},"in2DMode":false,"pivot":{"x":-2.05606746673584,"y":1.0977343320846558,"z":0.48036545515060427},"rotation":{"x":-0.013231850229203701,"y":-0.9718760848045349,"z":0.05633256956934929,"w":-0.22827966511249543},"size":0.39925771951675417,"orthographic":false}