{"cameraMode":{"drawMode":0,"name":"Shaded","section":"Shading Mode"},"sceneLighting":false,"audioPlay":false,"sceneViewState":{"m_AlwaysRefresh":false,"showFog":true,"showSkybox":false,"showFlares":true,"showImageEffects":true,"showParticleSystems":true,"showVisualEffectGraphs":true,"m_FxEnabled":true},"in2DMode":false,"pivot":{"x":-14.750809669494629,"y":0.4749463200569153,"z":-4.615371227264404},"rotation":{"x":-0.19620701670646668,"y":0.24928393959999085,"z":-0.05165254697203636,"w":-0.9469416737556458},"size":1.5901163816452027,"orthographic":false}